{
  "formatVersion": 1,
  "database": {
    "version": 2,
    "identityHash": "6d9d1e7b8e3140ccaf6bc1c74db7538f",
    "entities": [
      {
        "tableName": "favorites_table",
        "createSql": "CREATE TABLE IF NOT EXISTS `${TABLE_NAME}` (`uid` INTEGER PRIMARY KEY AUTOINCREMENT NOT NULL, `volume_id` TEXT NOT NULL, `volume_title` TEXT NOT NULL, `volume_thumb` TEXT)",
        "fields": [
          {
            "fieldPath": "uid",
            "columnName": "uid",
            "affinity": "INTEGER",
            "notNull": true
          },
          {
            "fieldPath": "id",
            "columnName": "volume_id",
            "affinity": "TEXT",
            "notNull": true
          },
          {
            "fieldPath": "title",
            "columnName": "volume_title",
            "affinity": "TEXT",
            "notNull": true
          },
          {
            "fieldPath": "thumb",
            "columnName": "volume_thumb",
            "affinity": "TEXT",
            "notNull": false
          }
        ],
        "primaryKey": {
          "autoGenerate": true,
          "columnNames": [
            "uid"
          ]
        },
        "indices": [],
        "foreignKeys": []
      }
    ],
    "views": [],
    "setupQueries": [
      "CREATE TABLE IF NOT EXISTS room_master_table (id INTEGER PRIMARY KEY,identity_hash TEXT)",
      "INSERT OR REPLACE INTO room_master_table (id,identity_hash) VALUES(42, '6d9d1e7b8e3140ccaf6bc1c74db7538f')"
    ]
  }
}